Instance,PartyOptimized,Strategy,MaxReps,TimeSec,Status,Models,ClingoReturnCode,RawOptValue
instance_001_m3n3k2_random.lp,0,default,1,0.010,OPTIMUM_FOUND,2,30,-1
instance_001_m3n3k2_random.lp,1,default,2,0.009,OPTIMUM_FOUND,1,30,-2
instance_002_m3n3k2_clustered.lp,0,default,2,0.010,OPTIMUM_FOUND,1,30,-2
instance_002_m3n3k2_clustered.lp,1,default,1,0.010,OPTIMUM_FOUND,2,30,-1
instance_003_m3n3k2_checkerboard.lp,0,default,2,0.010,OPTIMUM_FOUND,2,30,-2
instance_003_m3n3k2_checkerboard.lp,1,default,1,0.010,OPTIMUM_FOUND,1,30,-1
instance_004_m4n3k2_random.lp,0,default,1,0.011,OPTIMUM_FOUND,1,30,-1
instance_004_m4n3k2_random.lp,1,default,2,0.010,OPTIMUM_FOUND,2,30,-2
instance_005_m4n3k2_clustered.lp,0,default,1,0.010,OPTIMUM_FOUND,2,30,-1
instance_005_m4n3k2_clustered.lp,1,default,2,0.010,OPTIMUM_FOUND,1,30,-2
instance_006_m4n3k2_clustered_v2.lp,0,default,1,0.011,OPTIMUM_FOUND,2,30,-1
instance_006_m4n3k2_clustered_v2.lp,1,default,2,0.010,OPTIMUM_FOUND,1,30,-2
instance_007_m4n3k2_checkerboard.lp,0,default,2,0.010,OPTIMUM_FOUND,2,30,-2
instance_007_m4n3k2_checkerboard.lp,1,default,1,0.012,OPTIMUM_FOUND,1,30,-1
instance_008_m4n4k3_random.lp,0,default,2,0.142,OPTIMUM_FOUND,3,30,-2
instance_008_m4n4k3_random.lp,1,default,3,0.011,OPTIMUM_FOUND,2,30,-3
instance_009_m4n4k3_clustered.lp,0,default,2,0.107,OPTIMUM_FOUND,2,30,-2
instance_009_m4n4k3_clustered.lp,1,default,3,0.011,OPTIMUM_FOUND,1,30,-3
instance_010_m4n4k3_checkerboard.lp,0,default,3,0.012,OPTIMUM_FOUND,2,30,-3
instance_010_m4n4k3_checkerboard.lp,1,default,2,0.246,OPTIMUM_FOUND,1,30,-2
instance_011_m5n4k3_random.lp,0,default,3,0.012,OPTIMUM_FOUND,1,30,-3
instance_011_m5n4k3_random.lp,1,default,2,0.018,OPTIMUM_FOUND,3,30,-2
instance_012_m5n4k3_clustered.lp,0,default,3,0.012,OPTIMUM_FOUND,1,30,-3
instance_012_m5n4k3_clustered.lp,1,default,2,0.028,OPTIMUM_FOUND,3,30,-2
instance_013_m5n4k3_checkerboard.lp,0,default,3,0.011,OPTIMUM_FOUND,2,30,-3
instance_013_m5n4k3_checkerboard.lp,1,default,2,2.553,OPTIMUM_FOUND,1,30,-2
instance_014_m5n5k3_random.lp,0,default,3,0.012,OPTIMUM_FOUND,2,30,-3
instance_014_m5n5k3_random.lp,1,default,2,24.251,OPTIMUM_FOUND,1,30,-2
instance_015_m5n5k3_clustered.lp,0,default,3,0.012,OPTIMUM_FOUND,2,30,-3
instance_015_m5n5k3_clustered.lp,1,default,2,4.642,OPTIMUM_FOUND,1,30,-2
instance_016_m5n5k3_clustered_v2.lp,0,default,2,51.333,OPTIMUM_FOUND,2,30,-2
instance_016_m5n5k3_clustered_v2.lp,1,default,2,44.217,OPTIMUM_FOUND,2,30,-2
instance_017_m5n5k3_checkerboard.lp,0,default,3,0.012,OPTIMUM_FOUND,2,30,-3
instance_017_m5n5k3_checkerboard.lp,1,default,2,44.863,OPTIMUM_FOUND,1,30,-2
instance_018_m6n5k4_random.lp,0,default,3,300.019,CLINGO_TIMEOUT_INTERRUPT,3+,11,-3
instance_018_m6n5k4_random.lp,1,default,4,0.016,OPTIMUM_FOUND,3,30,-4
instance_019_m6n5k4_clustered.lp,0,default,4,0.026,OPTIMUM_FOUND,2,30,-4
instance_019_m6n5k4_clustered.lp,1,default,3,300.015,CLINGO_TIMEOUT_INTERRUPT,1+,11,-3
instance_020_m6n5k4_checkerboard.lp,0,default,4,0.022,OPTIMUM_FOUND,2,30,-4
instance_020_m6n5k4_checkerboard.lp,1,default,3,323.998,CLINGO_TIMEOUT_INTERRUPT,1+,11,-3
instance_021_m7n6k4_random.lp,0,default,3,300.026,CLINGO_TIMEOUT_INTERRUPT,4+,11,-3
instance_021_m7n6k4_random.lp,1,default,4,0.022,OPTIMUM_FOUND,2,30,-4
instance_022_m7n6k4_clustered.lp,0,default,4,0.027,OPTIMUM_FOUND,2,30,-4
instance_022_m7n6k4_clustered.lp,1,default,3,300.023,CLINGO_TIMEOUT_INTERRUPT,1+,11,-3
instance_023_m7n6k4_checkerboard.lp,0,default,4,0.033,OPTIMUM_FOUND,2,30,-4
instance_023_m7n6k4_checkerboard.lp,1,default,3,300.012,CLINGO_TIMEOUT_INTERRUPT,1+,11,-3
instance_024_m8n8k5_random.lp,0,default,4,300.035,CLINGO_TIMEOUT_INTERRUPT,3+,11,-4
instance_024_m8n8k5_random.lp,1,default,5,0.038,OPTIMUM_FOUND,4,30,-5
instance_025_m8n8k5_clustered.lp,0,default,5,0.053,OPTIMUM_FOUND,3,30,-5
instance_025_m8n8k5_clustered.lp,1,default,4,300.012,CLINGO_TIMEOUT_INTERRUPT,3+,11,-4
instance_026_m8n8k5_clustered_v2.lp,0,default,4,300.022,CLINGO_TIMEOUT_INTERRUPT,4+,11,-4
instance_026_m8n8k5_clustered_v2.lp,1,default,5,0.035,OPTIMUM_FOUND,2,30,-5
instance_027_m8n8k5_checkerboard.lp,0,default,5,0.059,OPTIMUM_FOUND,2,30,-5
instance_027_m8n8k5_checkerboard.lp,1,default,4,300.012,CLINGO_TIMEOUT_INTERRUPT,3+,11,-4
instance_028_m10n8k5_random.lp,0,default,5,0.063,OPTIMUM_FOUND,3,30,-5
instance_028_m10n8k5_random.lp,1,default,4,300.013,CLINGO_TIMEOUT_INTERRUPT,3+,11,-4
instance_029_m10n8k5_clustered.lp,0,default,5,0.080,OPTIMUM_FOUND,2,30,-5
instance_029_m10n8k5_clustered.lp,1,default,4,300.013,CLINGO_TIMEOUT_INTERRUPT,3+,11,-4
instance_030_m10n8k5_checkerboard.lp,0,default,5,0.138,OPTIMUM_FOUND,4,30,-5
instance_030_m10n8k5_checkerboard.lp,1,default,4,300.006,CLINGO_TIMEOUT_INTERRUPT,3+,11,-4
instance_031_m10n10k6_random.lp,0,default,6,0.145,OPTIMUM_FOUND,2,30,-6
instance_031_m10n10k6_random.lp,1,default,5,300.012,CLINGO_TIMEOUT_INTERRUPT,5+,11,-5
instance_032_m10n10k6_clustered.lp,0,default,5,300.021,CLINGO_TIMEOUT_INTERRUPT,3+,11,-5
instance_032_m10n10k6_clustered.lp,1,default,6,0.605,OPTIMUM_FOUND,5,30,-6
instance_033_m10n10k6_checkerboard.lp,0,default,6,0.215,OPTIMUM_FOUND,2,30,-6
instance_033_m10n10k6_checkerboard.lp,1,default,5,300.020,CLINGO_TIMEOUT_INTERRUPT,3+,11,-5
instance_034_m4n3k2_clustered_extra0.lp,0,default,2,0.018,OPTIMUM_FOUND,1,30,-2
instance_034_m4n3k2_clustered_extra0.lp,1,default,1,0.012,OPTIMUM_FOUND,2,30,-1
instance_034_m5n4k3_clustered_extra0.lp,0,default,3,0.018,OPTIMUM_FOUND,2,30,-3
instance_034_m5n4k3_clustered_extra0.lp,1,default,2,1.312,OPTIMUM_FOUND,1,30,-2
instance_035_m10n8k5_clustered_extra1.lp,0,default,5,0.046,OPTIMUM_FOUND,1,30,-5
instance_035_m10n8k5_clustered_extra1.lp,1,default,4,300.025,CLINGO_TIMEOUT_INTERRUPT,3+,11,-4
instance_035_m7n6k4_random_extra1.lp,0,default,4,0.027,OPTIMUM_FOUND,1,30,-4
instance_035_m7n6k4_random_extra1.lp,1,default,3,300.018,CLINGO_TIMEOUT_INTERRUPT,1+,11,-3
instance_036_m5n4k3_clustered_extra2.lp,0,default,3,0.019,OPTIMUM_FOUND,2,30,-3
instance_036_m5n4k3_clustered_extra2.lp,1,default,2,1.674,OPTIMUM_FOUND,1,30,-2
instance_036_m5n5k3_clustered_extra2.lp,0,default,3,0.019,OPTIMUM_FOUND,2,30,-3
instance_036_m5n5k3_clustered_extra2.lp,1,default,2,11.033,OPTIMUM_FOUND,1,30,-2
instance_037_m10n8k5_random_extra3.lp,0,default,5,0.047,OPTIMUM_FOUND,3,30,-5
instance_037_m10n8k5_random_extra3.lp,1,default,4,300.014,CLINGO_TIMEOUT_INTERRUPT,3+,11,-4
instance_037_m4n4k3_clustered_extra3.lp,0,default,3,0.019,OPTIMUM_FOUND,3,30,-3
instance_037_m4n4k3_clustered_extra3.lp,1,default,2,0.014,OPTIMUM_FOUND,3,30,-2
instance_038_m6n5k4_checkerboard_extra4.lp,0,default,4,0.016,OPTIMUM_FOUND,2,30,-4
instance_038_m6n5k4_checkerboard_extra4.lp,1,default,3,300.014,CLINGO_TIMEOUT_INTERRUPT,1+,11,-3
instance_038_m8n8k5_checkerboard_extra4.lp,0,default,5,0.053,OPTIMUM_FOUND,2,30,-5
instance_038_m8n8k5_checkerboard_extra4.lp,1,default,4,300.013,CLINGO_TIMEOUT_INTERRUPT,3+,11,-4
instance_039_m3n3k2_checkerboard_extra5.lp,0,default,2,0.011,OPTIMUM_FOUND,2,30,-2
instance_039_m3n3k2_checkerboard_extra5.lp,1,default,1,0.010,OPTIMUM_FOUND,1,30,-1
instance_039_m6n5k4_checkerboard_extra5.lp,0,default,4,0.016,OPTIMUM_FOUND,2,30,-4
instance_039_m6n5k4_checkerboard_extra5.lp,1,default,3,300.013,CLINGO_TIMEOUT_INTERRUPT,1+,11,-3
instance_040_m3n3k2_clustered_extra6.lp,0,default,2,0.019,OPTIMUM_FOUND,1,30,-2
instance_040_m3n3k2_clustered_extra6.lp,1,default,1,0.011,OPTIMUM_FOUND,2,30,-1
instance_040_m4n3k2_random_extra6.lp,0,default,1,0.020,OPTIMUM_FOUND,1,30,-1
instance_040_m4n3k2_random_extra6.lp,1,default,2,0.012,OPTIMUM_FOUND,1,30,-2
instance_041_m5n4k3_random_extra7.lp,0,default,2,1.073,OPTIMUM_FOUND,3,30,-2
instance_041_m5n4k3_random_extra7.lp,1,default,3,0.012,OPTIMUM_FOUND,2,30,-3
instance_041_m8n8k5_checkerboard_extra7.lp,0,default,5,0.055,OPTIMUM_FOUND,2,30,-5
instance_041_m8n8k5_checkerboard_extra7.lp,1,default,4,300.016,CLINGO_TIMEOUT_INTERRUPT,3+,11,-4
instance_042_m4n3k2_random_extra8.lp,0,default,2,0.018,OPTIMUM_FOUND,2,30,-2
instance_042_m4n3k2_random_extra8.lp,1,default,1,0.010,OPTIMUM_FOUND,1,30,-1
instance_042_m8n8k5_random_extra8.lp,0,default,5,0.036,OPTIMUM_FOUND,2,30,-5
instance_042_m8n8k5_random_extra8.lp,1,default,4,300.010,CLINGO_TIMEOUT_INTERRUPT,3+,11,-4
instance_043_m10n10k6_random_extra9.lp,0,default,6,0.115,OPTIMUM_FOUND,1,30,-6
instance_043_m10n10k6_random_extra9.lp,1,default,5,300.017,CLINGO_TIMEOUT_INTERRUPT,4+,11,-5
instance_043_m10n8k5_clustered_extra9.lp,0,default,5,0.077,OPTIMUM_FOUND,3,30,-5
instance_043_m10n8k5_clustered_extra9.lp,1,default,4,300.007,CLINGO_TIMEOUT_INTERRUPT,2+,11,-4
instance_044_m4n4k3_checkerboard_extra10.lp,0,default,3,0.015,OPTIMUM_FOUND,2,30,-3
instance_044_m4n4k3_checkerboard_extra10.lp,1,default,2,0.245,OPTIMUM_FOUND,1,30,-2
instance_044_m4n4k3_random_extra10.lp,0,default,2,0.102,OPTIMUM_FOUND,1,30,-2
instance_044_m4n4k3_random_extra10.lp,1,default,3,0.011,OPTIMUM_FOUND,2,30,-3
instance_045_m10n10k6_random_extra11.lp,0,default,6,0.237,OPTIMUM_FOUND,3,30,-6
instance_045_m10n10k6_random_extra11.lp,1,default,5,300.028,CLINGO_TIMEOUT_INTERRUPT,3+,11,-5
instance_045_m5n5k3_random_extra11.lp,0,default,2,20.523,OPTIMUM_FOUND,2,30,-2
instance_045_m5n5k3_random_extra11.lp,1,default,3,0.014,OPTIMUM_FOUND,3,30,-3
instance_046_m5n5k3_checkerboard_extra12.lp,0,default,3,0.013,OPTIMUM_FOUND,2,30,-3
instance_046_m5n5k3_checkerboard_extra12.lp,1,default,2,44.957,OPTIMUM_FOUND,1,30,-2
instance_046_m8n8k5_checkerboard_extra12.lp,0,default,5,0.051,OPTIMUM_FOUND,2,30,-5
instance_046_m8n8k5_checkerboard_extra12.lp,1,default,4,300.023,CLINGO_TIMEOUT_INTERRUPT,3+,11,-4
instance_047_m5n4k3_checkerboard_extra13.lp,0,default,3,0.013,OPTIMUM_FOUND,2,30,-3
instance_047_m5n4k3_checkerboard_extra13.lp,1,default,2,2.556,OPTIMUM_FOUND,1,30,-2
instance_047_m5n5k3_random_extra13.lp,0,default,2,51.327,OPTIMUM_FOUND,2,30,-2
instance_047_m5n5k3_random_extra13.lp,1,default,2,40.799,OPTIMUM_FOUND,2,30,-2
instance_048_m3n3k2_random_extra14.lp,0,default,2,0.019,OPTIMUM_FOUND,1,30,-2
instance_048_m3n3k2_random_extra14.lp,1,default,1,0.009,OPTIMUM_FOUND,2,30,-1
instance_049_m10n10k6_clustered_extra15.lp,0,default,6,0.336,OPTIMUM_FOUND,6,30,-6
instance_049_m10n10k6_clustered_extra15.lp,1,default,5,300.027,CLINGO_TIMEOUT_INTERRUPT,2+,11,-5
instance_049_m8n8k5_checkerboard_extra15.lp,0,default,5,0.051,OPTIMUM_FOUND,2,30,-5
instance_049_m8n8k5_checkerboard_extra15.lp,1,default,4,300.021,CLINGO_TIMEOUT_INTERRUPT,3+,11,-4
instance_050_m3n3k2_random_extra16.lp,0,default,1,0.017,OPTIMUM_FOUND,1,30,-1
instance_050_m3n3k2_random_extra16.lp,1,default,2,0.010,OPTIMUM_FOUND,2,30,-2
instance_050_m6n5k4_checkerboard_extra16.lp,0,default,4,0.017,OPTIMUM_FOUND,2,30,-4
instance_050_m6n5k4_checkerboard_extra16.lp,1,default,3,300.026,CLINGO_TIMEOUT_INTERRUPT,1+,11,-3
instance_051_m4n3k2_checkerboard_extra17.lp,0,default,2,0.012,OPTIMUM_FOUND,2,30,-2
instance_051_m4n3k2_checkerboard_extra17.lp,1,default,1,0.013,OPTIMUM_FOUND,1,30,-1
instance_051_m5n4k3_random_extra17.lp,0,default,3,0.018,OPTIMUM_FOUND,2,30,-3
instance_051_m5n4k3_random_extra17.lp,1,default,2,0.012,OPTIMUM_FOUND,1,30,-2
instance_052_m10n10k6_random_extra18.lp,0,default,6,0.118,OPTIMUM_FOUND,4,30,-6
instance_052_m10n10k6_random_extra18.lp,1,default,5,300.027,CLINGO_TIMEOUT_INTERRUPT,4+,11,-5
instance_052_m4n4k3_random_extra18.lp,0,default,3,0.018,OPTIMUM_FOUND,3,30,-3
instance_052_m4n4k3_random_extra18.lp,1,default,2,0.058,OPTIMUM_FOUND,1,30,-2
instance_053_m6n5k4_checkerboard_extra19.lp,0,default,4,0.017,OPTIMUM_FOUND,2,30,-4
instance_055_m8n8k5_random_extra21.lp,0,default,4,300.033,CLINGO_TIMEOUT_INTERRUPT,4+,11,-4
instance_055_m8n8k5_random_extra21.lp,1,default,5,0.045,OPTIMUM_FOUND,4,30,-5
instance_056_m3n3k2_clustered_extra22.lp,0,default,1,0.017,OPTIMUM_FOUND,1,30,-1
instance_056_m3n3k2_clustered_extra22.lp,1,default,1,0.011,OPTIMUM_FOUND,1,30,-1
instance_056_m4n4k3_clustered_extra22.lp,0,default,3,0.019,OPTIMUM_FOUND,2,30,-3
instance_056_m4n4k3_clustered_extra22.lp,1,default,2,0.182,OPTIMUM_FOUND,1,30,-2
instance_057_m4n4k3_random_extra23.lp,0,default,3,0.017,OPTIMUM_FOUND,2,30,-3
instance_057_m4n4k3_random_extra23.lp,1,default,2,0.012,OPTIMUM_FOUND,1,30,-2
instance_057_m5n4k3_checkerboard_extra23.lp,0,default,3,0.012,OPTIMUM_FOUND,2,30,-3
instance_057_m5n4k3_checkerboard_extra23.lp,1,default,2,2.539,OPTIMUM_FOUND,1,30,-2
instance_058_m10n10k6_random_extra24.lp,0,default,5,300.029,CLINGO_TIMEOUT_INTERRUPT,3+,11,-5
instance_058_m10n10k6_random_extra24.lp,1,default,5,300.030,CLINGO_TIMEOUT_INTERRUPT,3+,11,-5
instance_058_m8n8k5_clustered_extra24.lp,0,default,5,0.111,OPTIMUM_FOUND,2,30,-5
instance_058_m8n8k5_clustered_extra24.lp,1,default,4,300.015,CLINGO_TIMEOUT_INTERRUPT,4+,11,-4
instance_059_m4n3k2_clustered_extra25.lp,0,default,2,0.018,OPTIMUM_FOUND,1,30,-2
instance_059_m4n3k2_clustered_extra25.lp,1,default,1,0.011,OPTIMUM_FOUND,1,30,-1
instance_059_m5n4k3_clustered_extra25.lp,0,default,3,0.018,OPTIMUM_FOUND,2,30,-3
instance_059_m5n4k3_clustered_extra25.lp,1,default,2,0.224,OPTIMUM_FOUND,1,30,-2
instance_060_m6n5k4_checkerboard_extra26.lp,0,default,4,0.022,OPTIMUM_FOUND,2,30,-4
instance_060_m6n5k4_checkerboard_extra26.lp,1,default,3,300.018,CLINGO_TIMEOUT_INTERRUPT,1+,11,-3
instance_060_m8n8k5_checkerboard_extra26.lp,0,default,5,0.057,OPTIMUM_FOUND,2,30,-5
instance_060_m8n8k5_checkerboard_extra26.lp,1,default,4,300.013,CLINGO_TIMEOUT_INTERRUPT,3+,11,-4
instance_061_m4n3k2_checkerboard_extra27.lp,0,default,2,0.019,OPTIMUM_FOUND,2,30,-2
instance_061_m4n3k2_checkerboard_extra27.lp,1,default,1,0.013,OPTIMUM_FOUND,1,30,-1
instance_061_m5n4k3_clustered_extra27.lp,0,default,3,0.019,OPTIMUM_FOUND,2,30,-3
instance_061_m5n4k3_clustered_extra27.lp,1,default,2,0.738,OPTIMUM_FOUND,1,30,-2
instance_062_m4n4k3_clustered_extra28.lp,0,default,2,0.240,OPTIMUM_FOUND,2,30,-2
instance_062_m4n4k3_clustered_extra28.lp,1,default,2,0.438,OPTIMUM_FOUND,1,30,-2
instance_062_m5n5k3_clustered_extra28.lp,0,default,2,21.341,OPTIMUM_FOUND,2,30,-2
instance_062_m5n5k3_clustered_extra28.lp,1,default,3,0.014,OPTIMUM_FOUND,3,30,-3
instance_063_m4n3k2_checkerboard_extra29.lp,0,default,2,0.011,OPTIMUM_FOUND,2,30,-2
instance_063_m4n3k2_checkerboard_extra29.lp,1,default,1,0.013,OPTIMUM_FOUND,1,30,-1
instance_063_m4n3k2_clustered_extra29.lp,0,default,1,0.018,OPTIMUM_FOUND,1,30,-1
instance_063_m4n3k2_clustered_extra29.lp,1,default,2,0.011,OPTIMUM_FOUND,1,30,-2
instance_064_m5n4k3_clustered_extra30.lp,0,default,3,0.018,OPTIMUM_FOUND,2,30,-3
instance_064_m5n4k3_clustered_extra30.lp,1,default,2,0.798,OPTIMUM_FOUND,1,30,-2
instance_064_m5n4k3_random_extra30.lp,0,default,2,2.562,OPTIMUM_FOUND,2,30,-2
instance_064_m5n4k3_random_extra30.lp,1,default,2,4.453,OPTIMUM_FOUND,1,30,-2
instance_065_m10n10k6_clustered_extra31.lp,0,default,6,0.208,OPTIMUM_FOUND,3,30,-6
instance_065_m10n10k6_clustered_extra31.lp,1,default,5,300.014,CLINGO_TIMEOUT_INTERRUPT,4+,11,-5
instance_065_m5n4k3_clustered_extra31.lp,0,default,3,0.021,OPTIMUM_FOUND,2,30,-3
instance_065_m5n4k3_clustered_extra31.lp,1,default,2,0.569,OPTIMUM_FOUND,1,30,-2
instance_066_m4n3k2_clustered_extra32.lp,0,default,1,0.025,OPTIMUM_FOUND,1,30,-1
instance_066_m4n3k2_clustered_extra32.lp,1,default,2,0.010,OPTIMUM_FOUND,1,30,-2
instance_066_m4n4k3_checkerboard_extra32.lp,0,default,3,0.018,OPTIMUM_FOUND,2,30,-3
instance_066_m4n4k3_checkerboard_extra32.lp,1,default,2,0.244,OPTIMUM_FOUND,1,30,-2
instance_067_m10n10k6_random_extra33.lp,0,default,5,300.024,CLINGO_TIMEOUT_INTERRUPT,4+,11,-5
instance_067_m10n10k6_random_extra33.lp,1,default,6,0.172,OPTIMUM_FOUND,3,30,-6
instance_067_m5n4k3_checkerboard_extra33.lp,0,default,3,0.018,OPTIMUM_FOUND,2,30,-3
instance_067_m5n4k3_checkerboard_extra33.lp,1,default,2,2.545,OPTIMUM_FOUND,1,30,-2
instance_068_m4n4k3_clustered_extra34.lp,0,default,2,0.222,OPTIMUM_FOUND,2,30,-2
instance_068_m4n4k3_clustered_extra34.lp,1,default,2,0.461,OPTIMUM_FOUND,1,30,-2
instance_068_m5n4k3_checkerboard_extra34.lp,0,default,3,0.013,OPTIMUM_FOUND,2,30,-3
instance_068_m5n4k3_checkerboard_extra34.lp,1,default,2,2.563,OPTIMUM_FOUND,1,30,-2
instance_069_m10n8k5_clustered_extra35.lp,0,default,4,300.024,CLINGO_TIMEOUT_INTERRUPT,3+,11,-4
instance_069_m10n8k5_clustered_extra35.lp,1,default,5,0.095,OPTIMUM_FOUND,2,30,-5
instance_069_m10n8k5_random_extra35.lp,0,default,4,300.022,CLINGO_TIMEOUT_INTERRUPT,3+,11,-4
instance_069_m10n8k5_random_extra35.lp,1,default,5,0.078,OPTIMUM_FOUND,2,30,-5
instance_070_m10n8k5_clustered_extra36.lp,0,default,5,0.047,OPTIMUM_FOUND,3,30,-5
instance_070_m10n8k5_clustered_extra36.lp,1,default,4,300.021,CLINGO_TIMEOUT_INTERRUPT,3+,11,-4
instance_070_m7n6k4_random_extra36.lp,0,default,3,300.019,CLINGO_TIMEOUT_INTERRUPT,4+,11,-3
instance_070_m7n6k4_random_extra36.lp,1,default,4,0.020,OPTIMUM_FOUND,1,30,-4
instance_071_m4n3k2_random_extra37.lp,0,default,1,0.021,OPTIMUM_FOUND,1,30,-1
instance_071_m4n3k2_random_extra37.lp,1,default,2,0.010,OPTIMUM_FOUND,1,30,-2
instance_071_m5n4k3_random_extra37.lp,0,default,2,1.445,OPTIMUM_FOUND,2,30,-2
instance_071_m5n4k3_random_extra37.lp,1,default,2,3.255,OPTIMUM_FOUND,1,30,-2
instance_072_m4n3k2_checkerboard_extra38.lp,0,default,2,0.011,OPTIMUM_FOUND,2,30,-2
instance_072_m4n3k2_checkerboard_extra38.lp,1,default,1,0.011,OPTIMUM_FOUND,1,30,-1
instance_072_m4n4k3_clustered_extra38.lp,0,default,2,0.107,OPTIMUM_FOUND,2,30,-2
instance_072_m4n4k3_clustered_extra38.lp,1,default,3,0.011,OPTIMUM_FOUND,2,30,-3
instance_073_m10n10k6_random_extra39.lp,0,default,6,0.151,OPTIMUM_FOUND,4,30,-6
instance_073_m10n10k6_random_extra39.lp,1,default,5,300.028,CLINGO_TIMEOUT_INTERRUPT,4+,11,-5
instance_073_m4n4k3_checkerboard_extra39.lp,0,default,3,0.015,OPTIMUM_FOUND,2,30,-3
instance_073_m4n4k3_checkerboard_extra39.lp,1,default,2,0.246,OPTIMUM_FOUND,1,30,-2
instance_074_m6n5k4_clustered_extra40.lp,0,default,4,0.022,OPTIMUM_FOUND,2,30,-4
instance_074_m6n5k4_clustered_extra40.lp,1,default,3,300.014,CLINGO_TIMEOUT_INTERRUPT,1+,11,-3
instance_074_m7n6k4_clustered_extra40.lp,0,default,3,300.017,CLINGO_TIMEOUT_INTERRUPT,2+,11,-3
instance_074_m7n6k4_clustered_extra40.lp,1,default,3,300.014,CLINGO_TIMEOUT_INTERRUPT,3+,11,-3
instance_075_m10n10k6_clustered_extra41.lp,0,default,6,0.274,OPTIMUM_FOUND,4,30,-6
instance_075_m10n10k6_clustered_extra41.lp,1,default,5,300.023,CLINGO_TIMEOUT_INTERRUPT,4+,11,-5
instance_075_m8n8k5_checkerboard_extra41.lp,0,default,5,0.058,OPTIMUM_FOUND,2,30,-5
instance_075_m8n8k5_checkerboard_extra41.lp,1,default,4,300.021,CLINGO_TIMEOUT_INTERRUPT,3+,11,-4
instance_076_m3n3k2_checkerboard_extra42.lp,0,default,2,0.017,OPTIMUM_FOUND,2,30,-2
instance_076_m3n3k2_checkerboard_extra42.lp,1,default,1,0.009,OPTIMUM_FOUND,1,30,-1
instance_076_m5n5k3_checkerboard_extra42.lp,0,default,3,0.017,OPTIMUM_FOUND,2,30,-3
instance_076_m5n5k3_checkerboard_extra42.lp,1,default,2,46.491,OPTIMUM_FOUND,1,30,-2
instance_077_m4n3k2_checkerboard_extra43.lp,0,default,2,0.011,OPTIMUM_FOUND,2,30,-2
instance_077_m4n3k2_checkerboard_extra43.lp,1,default,1,0.011,OPTIMUM_FOUND,1,30,-1
instance_077_m8n8k5_checkerboard_extra43.lp,0,default,5,0.049,OPTIMUM_FOUND,2,30,-5
instance_077_m8n8k5_checkerboard_extra43.lp,1,default,4,300.012,CLINGO_TIMEOUT_INTERRUPT,3+,11,-4
instance_078_m4n3k2_checkerboard_extra44.lp,0,default,2,0.012,OPTIMUM_FOUND,2,30,-2
instance_078_m4n3k2_checkerboard_extra44.lp,1,default,1,0.011,OPTIMUM_FOUND,1,30,-1
instance_078_m5n5k3_clustered_extra44.lp,0,default,3,0.019,OPTIMUM_FOUND,2,30,-3
instance_078_m5n5k3_clustered_extra44.lp,1,default,2,1.194,OPTIMUM_FOUND,1,30,-2
instance_079_m5n4k3_clustered_extra45.lp,0,default,3,0.018,OPTIMUM_FOUND,2,30,-3
instance_079_m5n4k3_clustered_extra45.lp,1,default,2,0.597,OPTIMUM_FOUND,1,30,-2
instance_079_m7n6k4_clustered_extra45.lp,0,default,4,0.024,OPTIMUM_FOUND,2,30,-4
instance_079_m7n6k4_clustered_extra45.lp,1,default,3,300.013,CLINGO_TIMEOUT_INTERRUPT,1+,11,-3
instance_080_m10n8k5_clustered_extra46.lp,0,default,5,0.054,OPTIMUM_FOUND,3,30,-5
instance_080_m10n8k5_clustered_extra46.lp,1,default,4,300.026,CLINGO_TIMEOUT_INTERRUPT,4+,11,-4
instance_080_m4n3k2_checkerboard_extra46.lp,0,default,2,0.012,OPTIMUM_FOUND,2,30,-2
instance_080_m4n3k2_checkerboard_extra46.lp,1,default,1,0.011,OPTIMUM_FOUND,1,30,-1
instance_081_m4n4k3_clustered_extra47.lp,0,default,3,0.016,OPTIMUM_FOUND,1,30,-3
instance_081_m4n4k3_clustered_extra47.lp,1,default,2,0.023,OPTIMUM_FOUND,2,30,-2
instance_082_m7n6k4_random_extra48.lp,0,default,3,300.029,CLINGO_TIMEOUT_INTERRUPT,2+,11,-3
instance_082_m7n6k4_random_extra48.lp,1,default,3,300.016,CLINGO_TIMEOUT_INTERRUPT,2+,11,-3
instance_082_m8n8k5_clustered_extra48.lp,0,default,5,0.036,OPTIMUM_FOUND,2,30,-5
instance_082_m8n8k5_clustered_extra48.lp,1,default,4,300.011,CLINGO_TIMEOUT_INTERRUPT,3+,11,-4
instance_083_m10n10k6_checkerboard_extra49.lp,0,default,6,0.214,OPTIMUM_FOUND,2,30,-6
instance_083_m10n10k6_checkerboard_extra49.lp,1,default,5,300.024,CLINGO_TIMEOUT_INTERRUPT,3+,11,-5
instance_083_m4n4k3_random_extra49.lp,0,default,2,0.283,OPTIMUM_FOUND,2,30,-2
instance_083_m4n4k3_random_extra49.lp,1,default,2,0.529,OPTIMUM_FOUND,1,30,-2
instance_084_m4n4k3_checkerboard_extra50.lp,0,default,3,0.013,OPTIMUM_FOUND,2,30,-3
instance_084_m4n4k3_checkerboard_extra50.lp,1,default,2,0.243,OPTIMUM_FOUND,1,30,-2
instance_084_m7n6k4_clustered_extra50.lp,0,default,4,0.027,OPTIMUM_FOUND,2,30,-4
instance_084_m7n6k4_clustered_extra50.lp,1,default,3,300.119,CLINGO_TIMEOUT_INTERRUPT,3+,11,-3
instance_085_m10n8k5_random_extra51.lp,0,default,5,0.087,OPTIMUM_FOUND,4,30,-5
instance_085_m10n8k5_random_extra51.lp,1,default,4,300.012,CLINGO_TIMEOUT_INTERRUPT,1+,11,-4
instance_085_m4n3k2_checkerboard_extra51.lp,0,default,2,0.011,OPTIMUM_FOUND,2,30,-2
instance_085_m4n3k2_checkerboard_extra51.lp,1,default,1,0.011,OPTIMUM_FOUND,1,30,-1
instance_086_m10n10k6_clustered_extra52.lp,0,default,6,0.073,OPTIMUM_FOUND,2,30,-6
instance_086_m10n10k6_clustered_extra52.lp,1,default,5,300.011,CLINGO_TIMEOUT_INTERRUPT,3+,11,-5
instance_086_m5n5k3_clustered_extra52.lp,0,default,3,0.019,OPTIMUM_FOUND,2,30,-3
instance_086_m5n5k3_clustered_extra52.lp,1,default,2,20.239,OPTIMUM_FOUND,1,30,-2
instance_087_m10n8k5_clustered_extra53.lp,0,default,5,0.069,OPTIMUM_FOUND,3,30,-5
instance_087_m10n8k5_clustered_extra53.lp,1,default,4,300.023,CLINGO_TIMEOUT_INTERRUPT,2+,11,-4
instance_087_m5n4k3_checkerboard_extra53.lp,0,default,3,0.013,OPTIMUM_FOUND,2,30,-3
instance_087_m5n4k3_checkerboard_extra53.lp,1,default,2,2.542,OPTIMUM_FOUND,1,30,-2
instance_088_m4n3k2_checkerboard_extra54.lp,0,default,2,0.011,OPTIMUM_FOUND,2,30,-2
instance_088_m4n3k2_checkerboard_extra54.lp,1,default,1,0.011,OPTIMUM_FOUND,1,30,-1
instance_088_m8n8k5_clustered_extra54.lp,0,default,5,0.034,OPTIMUM_FOUND,1,30,-5
instance_088_m8n8k5_clustered_extra54.lp,1,default,4,300.010,CLINGO_TIMEOUT_INTERRUPT,3+,11,-4
instance_089_m5n4k3_clustered_extra55.lp,0,default,3,0.018,OPTIMUM_FOUND,2,30,-3
instance_089_m5n4k3_clustered_extra55.lp,1,default,2,0.575,OPTIMUM_FOUND,1,30,-2
instance_089_m6n5k4_random_extra55.lp,0,default,4,0.020,OPTIMUM_FOUND,2,30,-4
instance_089_m6n5k4_random_extra55.lp,1,default,3,300.009,CLINGO_TIMEOUT_INTERRUPT,1+,11,-3
instance_090_m3n3k2_random_extra56.lp,0,default,2,0.016,OPTIMUM_FOUND,2,30,-2
instance_090_m3n3k2_random_extra56.lp,1,default,1,0.009,OPTIMUM_FOUND,1,30,-1
instance_090_m4n3k2_random_extra56.lp,0,default,2,0.014,OPTIMUM_FOUND,1,30,-2
instance_090_m4n3k2_random_extra56.lp,1,default,1,0.010,OPTIMUM_FOUND,2,30,-1
instance_091_m10n10k6_checkerboard_extra57.lp,0,default,6,0.209,OPTIMUM_FOUND,2,30,-6
instance_091_m10n10k6_checkerboard_extra57.lp,1,default,5,300.014,CLINGO_TIMEOUT_INTERRUPT,3+,11,-5
instance_091_m6n5k4_clustered_extra57.lp,0,default,4,0.029,OPTIMUM_FOUND,2,30,-4
instance_091_m6n5k4_clustered_extra57.lp,1,default,3,300.023,CLINGO_TIMEOUT_INTERRUPT,1+,11,-3
instance_092_m5n5k3_checkerboard_extra58.lp,0,default,3,0.013,OPTIMUM_FOUND,2,30,-3
instance_092_m5n5k3_checkerboard_extra58.lp,1,default,2,46.241,OPTIMUM_FOUND,1,30,-2
instance_092_m5n5k3_clustered_extra58.lp,0,default,3,0.019,OPTIMUM_FOUND,2,30,-3
instance_092_m5n5k3_clustered_extra58.lp,1,default,2,8.598,OPTIMUM_FOUND,1,30,-2
instance_093_m10n10k6_checkerboard_extra59.lp,0,default,6,0.209,OPTIMUM_FOUND,2,30,-6
instance_093_m10n10k6_checkerboard_extra59.lp,1,default,5,300.022,CLINGO_TIMEOUT_INTERRUPT,3+,11,-5
instance_093_m6n5k4_clustered_extra59.lp,0,default,4,0.023,OPTIMUM_FOUND,2,30,-4
instance_093_m6n5k4_clustered_extra59.lp,1,default,3,300.016,CLINGO_TIMEOUT_INTERRUPT,1+,11,-3
instance_094_m3n3k2_random_extra60.lp,0,default,1,0.018,OPTIMUM_FOUND,1,30,-1
instance_094_m3n3k2_random_extra60.lp,1,default,1,0.009,OPTIMUM_FOUND,1,30,-1
instance_094_m6n5k4_random_extra60.lp,0,default,3,300.016,CLINGO_TIMEOUT_INTERRUPT,3+,11,-3
instance_094_m6n5k4_random_extra60.lp,1,default,4,0.017,OPTIMUM_FOUND,3,30,-4
instance_095_m6n5k4_clustered_extra61.lp,0,default,3,300.030,CLINGO_TIMEOUT_INTERRUPT,3+,11,-3
instance_095_m6n5k4_clustered_extra61.lp,1,default,4,0.015,OPTIMUM_FOUND,3,30,-4
instance_095_m7n6k4_random_extra61.lp,0,default,3,300.024,CLINGO_TIMEOUT_INTERRUPT,4+,11,-3
instance_095_m7n6k4_random_extra61.lp,1,default,4,0.020,OPTIMUM_FOUND,4,30,-4
instance_096_m10n8k5_clustered_extra62.lp,0,default,5,0.077,OPTIMUM_FOUND,3,30,-5
instance_096_m10n8k5_clustered_extra62.lp,1,default,4,300.005,CLINGO_TIMEOUT_INTERRUPT,3+,11,-4
instance_096_m6n5k4_clustered_extra62.lp,0,default,4,0.024,OPTIMUM_FOUND,2,30,-4
instance_096_m6n5k4_clustered_extra62.lp,1,default,3,300.016,CLINGO_TIMEOUT_INTERRUPT,1+,11,-3
instance_097_m3n3k2_random_extra63.lp,0,default,1,0.018,OPTIMUM_FOUND,1,30,-1
instance_097_m3n3k2_random_extra63.lp,1,default,1,0.010,OPTIMUM_FOUND,1,30,-1
instance_097_m8n8k5_random_extra63.lp,0,default,5,0.040,OPTIMUM_FOUND,2,30,-5
instance_097_m8n8k5_random_extra63.lp,1,default,4,300.019,CLINGO_TIMEOUT_INTERRUPT,3+,11,-4
instance_098_m4n4k3_checkerboard_extra64.lp,0,default,3,0.014,OPTIMUM_FOUND,2,30,-3
instance_098_m4n4k3_checkerboard_extra64.lp,1,default,2,0.250,OPTIMUM_FOUND,1,30,-2
instance_098_m5n5k3_random_extra64.lp,0,default,3,0.022,OPTIMUM_FOUND,1,30,-3
instance_098_m5n5k3_random_extra64.lp,1,default,2,0.225,OPTIMUM_FOUND,1,30,-2
instance_099_m4n3k2_random_extra65.lp,0,default,1,0.018,OPTIMUM_FOUND,1,30,-1
instance_099_m4n3k2_random_extra65.lp,1,default,2,0.009,OPTIMUM_FOUND,2,30,-2
instance_099_m8n8k5_random_extra65.lp,0,default,4,300.026,CLINGO_TIMEOUT_INTERRUPT,4+,11,-4
instance_099_m8n8k5_random_extra65.lp,1,default,5,0.115,OPTIMUM_FOUND,4,30,-5
instance_100_m10n10k6_clustered_extra66.lp,0,default,6,0.312,OPTIMUM_FOUND,5,30,-6
instance_100_m10n10k6_clustered_extra66.lp,1,default,5,300.018,CLINGO_TIMEOUT_INTERRUPT,4+,11,-5
instance_100_m4n3k2_checkerboard_extra66.lp,0,default,2,0.012,OPTIMUM_FOUND,2,30,-2
instance_100_m4n3k2_checkerboard_extra66.lp,1,default,1,0.011,OPTIMUM_FOUND,1,30,-1
